[
{"pk": 1, "model": "socialaccount.socialapp", "fields": {"name": "MyHomeMarket-Dev", "sites": [1], "secret": "e01929c39fe4485c9801aa600cd23932", "client_id": "289536157844452", "key": "", "provider": "facebook"}}, 

{"pk": 2, "model": "auth.user", "fields": {"username": "admin", "first_name": "", "last_name": "", "is_active": true, "is_superuser": true, "is_staff": true, "last_login": "2013-03-31T01:33:51.800Z", "groups": [], "user_permissions": [], "password": "pbkdf2_sha256$10000$FdyxiypoyzrZ$9Wkgn1UrcGSLqzq2r2oK/ZLJZ1WknMjNY4Nrlfrwp/s=", "email": "thiagorramos@gmail.com", "date_joined": "2013-03-23T06:57:48Z"}},
{"pk": 3, "model": "auth.user", "fields": {"username": "user-villarreal", "first_name": "", "last_name": "", "is_active": true, "is_superuser": false, "is_staff": false, "last_login": "2013-03-31T01:33:51.800Z", "groups": [], "user_permissions": [], "password": "pbkdf2_sha256$10000$FdyxiypoyzrZ$9Wkgn1UrcGSLqzq2r2oK/ZLJZ1WknMjNY4Nrlfrwp/s=", "email": "villarreal@email.com", "date_joined": "2013-03-23T06:57:48Z"}}, 
{"pk": 4, "model": "auth.user", "fields": {"username": "user-extra", "first_name": "", "last_name": "", "is_active": true, "is_superuser": false, "is_staff": false, "last_login": "2013-03-31T01:33:51.800Z", "groups": [], "user_permissions": [], "password": "pbkdf2_sha256$10000$FdyxiypoyzrZ$9Wkgn1UrcGSLqzq2r2oK/ZLJZ1WknMjNY4Nrlfrwp/s=", "email": "thiagorramos@gmail.com", "date_joined": "2013-03-23T06:57:48Z"}}, 
{"pk": 5, "model": "auth.user", "fields": {"username": "user-walmart", "first_name": "", "last_name": "", "is_active": true, "is_superuser": false, "is_staff": false, "last_login": "2013-03-31T01:33:51.800Z", "groups": [], "user_permissions": [], "password": "pbkdf2_sha256$10000$FdyxiypoyzrZ$9Wkgn1UrcGSLqzq2r2oK/ZLJZ1WknMjNY4Nrlfrwp/s=", "email": "walmart@email.com", "date_joined": "2013-03-23T06:57:48Z"}}, 
{"pk": 6, "model": "auth.user", "fields": {"username": "user-bretas", "first_name": "", "last_name": "", "is_active": true, "is_superuser": false, "is_staff": false, "last_login": "2013-03-31T01:33:51.800Z", "groups": [], "user_permissions": [], "password": "pbkdf2_sha256$10000$FdyxiypoyzrZ$9Wkgn1UrcGSLqzq2r2oK/ZLJZ1WknMjNY4Nrlfrwp/s=", "email": "bretas@email.com", "date_joined": "2013-03-23T06:57:48Z"}},
{"pk": 7, "model": "auth.user", "fields": {"username": "cliente", "first_name": "", "last_name": "", "is_active": true, "is_superuser": false, "is_staff": false, "last_login": "2013-03-31T01:33:51.800Z", "groups": [], "user_permissions": [], "password": "pbkdf2_sha256$10000$FdyxiypoyzrZ$9Wkgn1UrcGSLqzq2r2oK/ZLJZ1WknMjNY4Nrlfrwp/s=", "email": "cliente@email.com", "date_joined": "2013-03-23T06:57:48Z"}},
{"pk": 8, "model": "auth.user", "fields": {"username": "cliente-alternativo", "first_name": "", "last_name": "", "is_active": true, "is_superuser": false, "is_staff": false, "last_login": "2013-03-31T01:33:51.800Z", "groups": [], "user_permissions": [], "password": "pbkdf2_sha256$10000$FdyxiypoyzrZ$9Wkgn1UrcGSLqzq2r2oK/ZLJZ1WknMjNY4Nrlfrwp/s=", "email": "cliente@email.com", "date_joined": "2013-03-23T06:57:48Z"}},


{"pk": 1, "model": "marketapp.consumidor", "fields": {"usuario": "7",
                                                      "cpf": "012.123.123-99",
                                                      "cep":"55555-500",
                                                      "telefone":"(12)9876-5432"}},
{"pk": 2, "model": "marketapp.consumidor", "fields": {"usuario": "8",
                                                      "cpf": "012.123.123-99",
                                                      "cep":"12345-500",
                                                      "telefone":"(12)9876-5432"}},

{"pk": 1, "model": "account.emailaddress", "fields": {"verified": false, "user": 2, "primary": false, "email": "thiagorramos@gmail.com"}},

{"pk": 1, "model": "marketapp.categoria", "fields": {"descricao": "Alguns produtos de limpeza", "nome": "Produtos de Limpeza"}},
{"pk": 2, "model": "marketapp.categoria", "fields": {"descricao": "Alguns Hortifruti", "nome": "Hortifruti"}},
{"pk": 3, "model": "marketapp.categoria", "fields": {"descricao": "Alguns refrigerantes", "nome": "Refrigerantes"}},
{"pk": 4, "model": "marketapp.categoria", "fields": {"descricao": "Alguns vinhos", "nome": "Vinhos"}},
{"pk": 5, "model": "marketapp.categoria", "fields": {"descricao": "Alguns iogurtes", "nome": "Iogurte"}},
{"pk": 6, "model": "marketapp.categoria", "fields": {"descricao": "Alguns doces", "nome": "Doces"}},

{"pk": 1, "model": "marketapp.supermercado", "fields": {"nome_exibicao": "Villarreal", "nome_url": "villarreal", "usuario": 3}}, 
{"pk": 2, "model": "marketapp.supermercado", "fields": {"nome_exibicao": "Extra", "nome_url": "extra", "usuario": 4}}, 
{"pk": 3, "model": "marketapp.supermercado", "fields": {"nome_exibicao": "WalMart", "nome_url": "walmart", "usuario": 5}}, 
{"pk": 4, "model": "marketapp.supermercado", "fields": {"nome_exibicao": "Bretas", "nome_url": "bretas", "usuario": 6}},

{"pk": 1, "model": "marketapp.regiaoatendida", "fields": {"cep_inicio": "55555-000",
                                                          "cep_final": "55555-999",
                                                          "supermercado": 2,
                                                          "preco": 5,
                                                          "tempo": 5}},
{"pk": 2, "model": "marketapp.regiaoatendida", "fields": {"cep_inicio": "00000-000",
                                                          "cep_final": "99999-999",
                                                          "supermercado": 1,
                                                          "preco": 10,
                                                          "tempo": 6}},
{"pk": 3, "model": "marketapp.regiaoatendida", "fields": {"cep_inicio": "60000-000",
                                                          "cep_final": "69999-999",
                                                          "supermercado": 2,
                                                          "preco": 7,
                                                          "tempo": 8}},

{"pk": 1, "model": "marketapp.produto", "fields": {"categoria": 1,
                                                   "nome": "Detergente sabor limão",
                                                   "marca": "Ypê",
                                                   "quantidade": 1000,
                                                   "quantidade_unidade": "g",
                                                   "codigo_de_barras": "517435269",
                                                   "imagem": "examples/produto.jpg",
                                                   "descricao": "AAAAAAAAAAAAAAAAA AAAAAAAAAAAAAAAAA"}},
{"pk": 2, "model": "marketapp.produto", "fields": {"categoria": 1,
                                                   "nome": "Detergente sabor limão",
                                                   "marca": "Omo",
                                                   "quantidade": 800,
                                                   "quantidade_unidade": "g",
                                                   "codigo_de_barras": "245731063",
                                                   "imagem": "examples/produto.jpg",
                                                   "descricao": "AAAAAAAAAAAAAAAAAA AAAAAAAAAAAAAAAA"}},
{"pk": 3, "model": "marketapp.produto", "fields": {"categoria": 1,
                                                   "nome": "Sabão em Pó",
                                                   "marca": "Mira",
                                                   "quantidade": 1,
                                                   "quantidade_unidade": "Kg",
                                                   "codigo_de_barras": "696045659",
                                                   "imagem": "examples/produto.jpg",
                                                   "descricao": "AAAAAAAAAAAAAAAAAAA AAAAAAAAAAAAAAA"}},

{"pk": 4, "model": "marketapp.produto", "fields": {"categoria": 2,
                                                   "nome": "Laranja da Ilha",
                                                   "marca": "Local",
                                                   "quantidade": 1,
                                                   "quantidade_unidade": "Kg",
                                                   "codigo_de_barras": "872553184",
                                                   "imagem": "examples/produto.jpg",
                                                   "descricao": "AAAAAAAAAAAAAAAAAA AAAAAAAAAAAAAAAA"}},
{"pk": 5, "model": "marketapp.produto", "fields": {"categoria": 2,
                                                   "nome": "Laranja Baiana",
                                                   "marca": "Local",
                                                   "quantidade": 1,
                                                   "quantidade_unidade": "Kg",
                                                   "codigo_de_barras": "815051902",
                                                   "imagem": "examples/produto.jpg",
                                                   "descricao": "AAAAAAAAAAAAAAAAAAA AAAAAAAAAAAAAAA"}},
{"pk": 6, "model": "marketapp.produto", "fields": {"categoria": 2,
                                                   "nome": "Alface",
                                                   "marca": "Colabo",
                                                   "quantidade": 1,
                                                   "quantidade_unidade": "Kg",
                                                   "codigo_de_barras": "98925570",
                                                   "imagem": "examples/produto.jpg",
                                                   "descricao": "AAAAAAAAAAAAAAAAAAAAAAAAAAAAAAAAAA"}},

{"pk": 7, "model": "marketapp.produto", "fields": {"categoria": 3,
                                                   "nome": "Coca-cola",
                                                   "marca": "Coca-cola",
                                                   "quantidade": 600,
                                                   "quantidade_unidade": "mL",
                                                   "codigo_de_barras": "748502879",
                                                   "imagem": "examples/produto.jpg",
                                                   "descricao": "AAAAAAAAAAAAAAAAAA AAAAAAAAAAAAAAAA"}},
{"pk": 8, "model": "marketapp.produto", "fields": {"categoria": 3,
                                                   "nome": "Guaraná Antártica",
                                                   "marca": "Antártica",
                                                   "quantidade": 2,
                                                   "quantidade_unidade": "L",
                                                   "codigo_de_barras": "505197664",
                                                   "imagem": "examples/produto.jpg",
                                                   "descricao": "AAAAAAAAAAAAAAAAAAA AAAAAAAAAAAAAAA"}},
{"pk": 9, "model": "marketapp.produto", "fields": {"categoria": 3,
                                                   "nome": "Coca-cola",
                                                   "marca": "Coca-cola",
                                                   "quantidade": 2,
                                                   "quantidade_unidade": "L",
                                                   "codigo_de_barras": "950196239",
                                                   "imagem": "examples/produto.jpg",
                                                   "descricao": "AAAAAAAAAAAAAAAAAA AAAAAAAAAAAAAAAA"}},
                                                   
                                                   
{"pk": 10, "model": "marketapp.produto", "fields": {"categoria": 4,
                                                   "nome": "Vinho Tinto",
                                                   "marca": "UUU",
                                                   "quantidade": 1000,
                                                   "quantidade_unidade": "mL",
                                                   "codigo_de_barras": "47350594",
                                                   "imagem": "examples/produto.jpg",
                                                   "descricao": "AAAAAAAAAAAAAAAAA AAAAAAAAAAAAAAAAA"}},
{"pk": 11, "model": "marketapp.produto", "fields": {"categoria": 4,
                                                   "nome": "Vinho do Porto",
                                                   "marca": "VVV",
                                                   "quantidade": 1000,
                                                   "quantidade_unidade": "mL",
                                                   "codigo_de_barras": "586973767",
                                                   "imagem": "examples/produto.jpg",
                                                   "descricao": "AAAAAAAAAAAAAAAAA AAAAAAAAAAAAAAAAA"}},
{"pk": 12, "model": "marketapp.produto", "fields": {"categoria": 4,
                                                   "nome": "Vinho Branco",
                                                   "marca": "VVV",
                                                   "quantidade": 1000,
                                                   "quantidade_unidade": "mL",
                                                   "codigo_de_barras": "800516003",
                                                   "imagem": "examples/produto.jpg",
                                                   "descricao": "AAAAAAAAAAAAAAAAAA AAAAAAAAAAAAAAAA"}},

{"pk": 13, "model": "marketapp.produto", "fields": {"categoria": 5,
                                                   "nome": "Danoninho",
                                                   "marca": "Danone",
                                                   "quantidade": 483,
                                                   "quantidade_unidade": "g",
                                                   "codigo_de_barras": "852647931",
                                                   "imagem": "examples/produto.jpg",
                                                   "descricao": "AAAAAAAAAAAAAAAAA AAAAAAAAAAAAAAAAA"}},
{"pk": 14, "model": "marketapp.produto", "fields": {"categoria": 5,
                                                   "nome": "DanUp",
                                                   "marca": "Danone",
                                                   "quantidade": 1000,
                                                   "quantidade_unidade": "mL",
                                                   "codigo_de_barras": "197354862",
                                                   "imagem": "examples/produto.jpg",
                                                   "descricao": "AAAAAAAAAAAAAAAAA AAAAAAAAAAAAAAAAA"}},
{"pk": 15, "model": "marketapp.produto", "fields": {"categoria": 5,
                                                   "nome": "Petit suisse",
                                                   "marca": "Paulista",
                                                   "quantidade": 450,
                                                   "quantidade_unidade": "g",
                                                   "codigo_de_barras": "654987321",
                                                   "imagem": "examples/produto.jpg",
                                                   "descricao": "AAAAAAAAAAAAAAAAAA AAAAAAAAAAAAAAAA"}},

{"pk": 16, "model": "marketapp.produto", "fields": {"categoria": 6,
                                                   "nome": "Diamante Negro",
                                                   "marca": "Lacta",
                                                   "quantidade": 300,
                                                   "quantidade_unidade": "g",
                                                   "codigo_de_barras": "147852369",
                                                   "imagem": "examples/produto.jpg",
                                                   "descricao": "AAAAAAAAAAAAAAAAA AAAAAAAAAAAAAAAAA"}},
{"pk": 17, "model": "marketapp.produto", "fields": {"categoria": 6,
                                                   "nome": "Iogurte 100",
                                                   "marca": "Bala",
                                                   "quantidade": 250,
                                                   "quantidade_unidade": "g",
                                                   "codigo_de_barras": "987412563",
                                                   "imagem": "examples/produto.jpg",
                                                   "descricao": "AAAAAAAAAAAAAAAAA AAAAAAAAAAAAAAAAA"}},
{"pk": 18, "model": "marketapp.produto", "fields": {"categoria": 6,
                                                   "nome": "Hershey's Meio Amargo",
                                                   "marca": "Hersheys",
                                                   "quantidade": 300,
                                                   "quantidade_unidade": "g",
                                                   "codigo_de_barras": "963258714",
                                                   "imagem": "examples/produto.jpg",
                                                   "descricao": "AAAAAAAAAAAAAAAAAA AAAAAAAAAAAAAAAA"}},

{"pk": 1, "model": "marketapp.produtosupermercado", "fields": {"produto": 1,
                                                               "supermercado": 1,
                                                               "quantidade": 20,
                                                               "preco": "3.55",
                                                               "data_adicao": "2013-04-19T11:49:17.178Z"}},
{"pk": 2, "model": "marketapp.produtosupermercado", "fields": {"produto": 2,
                                                               "supermercado": 1,
                                                               "quantidade": 20,
                                                               "preco": "4.22",
                                                               "data_adicao": "2013-04-19T11:49:17.178Z"}},
{"pk": 11, "model": "marketapp.produtosupermercado", "fields": {"produto": 2,
                                                               "supermercado": 3,
                                                               "quantidade": 20,
                                                               "preco": "4.35",
                                                               "data_adicao": "2013-04-19T11:49:17.178Z"}},
{"pk": 16, "model": "marketapp.produtosupermercado", "fields": {"produto": 2,
                                                               "supermercado": 4,
                                                               "quantidade": 20,
                                                               "preco": "4.10",
                                                               "data_adicao": "2013-04-19T11:49:17.178Z"}},
{"pk": 6, "model": "marketapp.produtosupermercado", "fields": {"produto": 3,
                                                               "supermercado": 2,
                                                               "quantidade": 20,
                                                               "preco": "5.2",
                                                               "data_adicao": "2013-04-19T11:49:17.178Z"}},
{"pk": 7, "model": "marketapp.produtosupermercado", "fields": {"produto": 4,
                                                               "supermercado": 2,
                                                               "quantidade": 20,
                                                               "preco": "10.3",
                                                               "data_adicao": "2013-04-19T11:49:17.178Z"}},
{"pk": 3, "model": "marketapp.produtosupermercado", "fields": {"produto": 4,
                                                               "supermercado": 1,
                                                               "quantidade": 20,
                                                               "preco": "9.8",
                                                               "data_adicao": "2013-04-19T11:49:17.178Z"}},
{"pk": 12, "model": "marketapp.produtosupermercado", "fields": {"produto": 4,
                                                               "supermercado": 3,
                                                               "quantidade": 20,
                                                               "preco": "11",
                                                               "data_adicao": "2013-04-19T11:49:17.178Z"}},
{"pk": 13, "model": "marketapp.produtosupermercado", "fields": {"produto": 5,
                                                               "supermercado": 3,
                                                               "quantidade": 20,
                                                               "preco": "5",
                                                               "data_adicao": "2013-04-19T11:49:17.178Z"}},
{"pk": 17, "model": "marketapp.produtosupermercado", "fields": {"produto": 5,
                                                               "supermercado": 4,
                                                               "quantidade": 20,
                                                               "preco": "6",
                                                               "data_adicao": "2013-04-19T11:49:17.178Z"}},
{"pk": 18, "model": "marketapp.produtosupermercado", "fields": {"produto": 7,
                                                               "supermercado": 4,
                                                               "quantidade": 20,
                                                               "preco": "7.2",
                                                               "data_adicao": "2013-04-19T11:49:17.178Z"}},
{"pk": 14, "model": "marketapp.produtosupermercado", "fields": {"produto": 7,
                                                               "supermercado": 3,
                                                               "quantidade": 20,
                                                               "preco": "7.8",
                                                               "data_adicao": "2013-04-19T11:49:17.178Z"}},
{"pk": 21, "model": "marketapp.produtosupermercado", "fields": {"produto": 8,
                                                               "supermercado": 4,
                                                               "quantidade": 20,
                                                               "preco": "9.3",
                                                               "data_adicao": "2013-04-19T11:49:17.178Z"}},
{"pk": 19, "model": "marketapp.produtosupermercado", "fields": {"produto": 9,
                                                               "supermercado": 4,
                                                               "quantidade": 20,
                                                               "preco": "15",
                                                               "data_adicao": "2013-04-19T11:49:17.178Z"}},
{"pk": 8, "model": "marketapp.produtosupermercado", "fields": {"produto": 10,
                                                               "supermercado": 2,
                                                               "quantidade": 20,
                                                               "preco": "4",
                                                               "data_adicao": "2013-04-19T11:49:17.178Z"}},
{"pk": 4, "model": "marketapp.produtosupermercado", "fields": {"produto": 11,
                                                               "supermercado": 1,
                                                               "quantidade": 20,
                                                               "preco": "3.8",
                                                               "data_adicao": "2013-04-19T11:49:17.178Z"}},
{"pk": 5, "model": "marketapp.produtosupermercado", "fields": {"produto": 12,
                                                               "supermercado": 1,
                                                               "quantidade": 20,
                                                               "preco": "3.9",
                                                               "data_adicao": "2013-04-19T11:49:17.178Z"}},
{"pk": 20, "model": "marketapp.produtosupermercado", "fields": {"produto": 12,
                                                               "supermercado": 4,
                                                               "quantidade": 20,
                                                               "preco": "3",
                                                               "data_adicao": "2013-04-19T11:49:17.178Z"}},
{"pk": 9, "model": "marketapp.produtosupermercado", "fields": {"produto": 13,
                                                               "supermercado": 2,
                                                               "quantidade": 20,
                                                               "preco": "2.8",
                                                               "data_adicao": "2013-04-19T11:49:17.178Z"}},
{"pk": 22, "model": "marketapp.produtosupermercado", "fields": {"produto": 14,
                                                               "supermercado": 3,
                                                               "quantidade": 20,
                                                               "preco": "1.55",
                                                               "data_adicao": "2013-04-19T11:49:17.178Z"}},
{"pk": 23, "model": "marketapp.produtosupermercado", "fields": {"produto": 15,
                                                               "supermercado": 2,
                                                               "quantidade": 20,
                                                               "preco": "16",
                                                               "data_adicao": "2013-04-19T11:49:17.178Z"}},
{"pk": 24, "model": "marketapp.produtosupermercado", "fields": {"produto": 16,
                                                               "supermercado": 1,
                                                               "quantidade": 20,
                                                               "preco": "20",
                                                               "data_adicao": "2013-04-19T11:49:17.178Z"}},
{"pk": 15, "model": "marketapp.produtosupermercado", "fields": {"produto": 17,
                                                               "supermercado": 3,
                                                               "quantidade": 20,
                                                               "preco": "21",
                                                               "data_adicao": "2013-04-19T11:49:17.178Z"}},
{"pk": 10, "model": "marketapp.produtosupermercado", "fields": {"produto": 18,
                                                               "supermercado": 2,
                                                               "quantidade": 20,
                                                               "preco": "5",
                                                               "data_adicao": "2013-04-19T11:49:17.178Z"}},
{"pk": 1, "model": "taggit.tag", "fields": {"name": "meio-amargo", "slug": "meio-amargo"}}, 
{"pk": 2, "model": "taggit.tag", "fields": {"name": "chocolate", "slug": "chocolate"}}, 
{"pk": 3, "model": "taggit.tag", "fields": {"name": "iogurte", "slug": "iogurte"}}, 
{"pk": 4, "model": "taggit.tag", "fields": {"name": "bala", "slug": "bala"}}, 
{"pk": 5, "model": "taggit.tag", "fields": {"name": "doce", "slug": "doce"}}, 
{"pk": 6, "model": "taggit.tag", "fields": {"name": "ao leite", "slug": "ao-leite"}}, 
{"pk": 7, "model": "taggit.tag", "fields": {"name": "morango", "slug": "morango"}}, 
{"pk": 8, "model": "taggit.tag", "fields": {"name": "cremoso", "slug": "cremoso"}}, 
{"pk": 9, "model": "taggit.tag", "fields": {"name": "light", "slug": "light"}}, 
{"pk": 10, "model": "taggit.tag", "fields": {"name": "garrafinha", "slug": "garrafinha"}}, 
{"pk": 11, "model": "taggit.tag", "fields": {"name": "branco", "slug": "branco"}}, 
{"pk": 12, "model": "taggit.tag", "fields": {"name": "alco\u00f3lico", "slug": "alcoolico"}}, 
{"pk": 13, "model": "taggit.tag", "fields": {"name": "forte", "slug": "forte"}}, 
{"pk": 14, "model": "taggit.tag", "fields": {"name": "Portugal", "slug": "portugal"}}, 
{"pk": 15, "model": "taggit.tag", "fields": {"name": "gasoso", "slug": "gasoso"}}, 
{"pk": 16, "model": "taggit.tag", "fields": {"name": "cola", "slug": "cola"}}, 
{"pk": 17, "model": "taggit.tag", "fields": {"name": "guaran\u00e1", "slug": "guarana"}}, 
{"pk": 18, "model": "taggit.tag", "fields": {"name": "org\u00e2nico", "slug": "organico"}}, 
{"pk": 19, "model": "taggit.tag", "fields": {"name": "geneticamente modificado", "slug": "geneticamente-modificado"}}, 
{"pk": 20, "model": "taggit.tag", "fields": {"name": "vitamina c", "slug": "vitamina-c"}}, 
{"pk": 21, "model": "taggit.tag", "fields": {"name": "fenol", "slug": "fenol"}}, 
{"pk": 22, "model": "taggit.tag", "fields": {"name": "lim\u00e3o", "slug": "limao"}}, 
{"pk": 1, "model": "taggit.taggeditem", "fields": {"tag": 1, "content_type": 9, "object_id": 18}}, 
{"pk": 2, "model": "taggit.taggeditem", "fields": {"tag": 2, "content_type": 9, "object_id": 18}}, 
{"pk": 3, "model": "taggit.taggeditem", "fields": {"tag": 3, "content_type": 9, "object_id": 17}}, 
{"pk": 4, "model": "taggit.taggeditem", "fields": {"tag": 4, "content_type": 9, "object_id": 17}}, 
{"pk": 5, "model": "taggit.taggeditem", "fields": {"tag": 5, "content_type": 9, "object_id": 17}}, 
{"pk": 6, "model": "taggit.taggeditem", "fields": {"tag": 2, "content_type": 9, "object_id": 16}}, 
{"pk": 7, "model": "taggit.taggeditem", "fields": {"tag": 6, "content_type": 9, "object_id": 16}}, 
{"pk": 8, "model": "taggit.taggeditem", "fields": {"tag": 8, "content_type": 9, "object_id": 15}}, 
{"pk": 9, "model": "taggit.taggeditem", "fields": {"tag": 3, "content_type": 9, "object_id": 15}}, 
{"pk": 10, "model": "taggit.taggeditem", "fields": {"tag": 7, "content_type": 9, "object_id": 15}}, 
{"pk": 11, "model": "taggit.taggeditem", "fields": {"tag": 9, "content_type": 9, "object_id": 14}}, 
{"pk": 12, "model": "taggit.taggeditem", "fields": {"tag": 10, "content_type": 9, "object_id": 14}}, 
{"pk": 13, "model": "taggit.taggeditem", "fields": {"tag": 8, "content_type": 9, "object_id": 13}}, 
{"pk": 14, "model": "taggit.taggeditem", "fields": {"tag": 3, "content_type": 9, "object_id": 13}}, 
{"pk": 15, "model": "taggit.taggeditem", "fields": {"tag": 7, "content_type": 9, "object_id": 13}}, 
{"pk": 16, "model": "taggit.taggeditem", "fields": {"tag": 11, "content_type": 9, "object_id": 12}}, 
{"pk": 17, "model": "taggit.taggeditem", "fields": {"tag": 12, "content_type": 9, "object_id": 12}}, 
{"pk": 18, "model": "taggit.taggeditem", "fields": {"tag": 13, "content_type": 9, "object_id": 12}}, 
{"pk": 19, "model": "taggit.taggeditem", "fields": {"tag": 12, "content_type": 9, "object_id": 11}}, 
{"pk": 20, "model": "taggit.taggeditem", "fields": {"tag": 12, "content_type": 9, "object_id": 10}}, 
{"pk": 21, "model": "taggit.taggeditem", "fields": {"tag": 14, "content_type": 9, "object_id": 10}}, 
{"pk": 22, "model": "taggit.taggeditem", "fields": {"tag": 16, "content_type": 9, "object_id": 9}}, 
{"pk": 23, "model": "taggit.taggeditem", "fields": {"tag": 15, "content_type": 9, "object_id": 9}}, 
{"pk": 24, "model": "taggit.taggeditem", "fields": {"tag": 17, "content_type": 9, "object_id": 8}}, 
{"pk": 25, "model": "taggit.taggeditem", "fields": {"tag": 15, "content_type": 9, "object_id": 8}}, 
{"pk": 26, "model": "taggit.taggeditem", "fields": {"tag": 16, "content_type": 9, "object_id": 7}}, 
{"pk": 27, "model": "taggit.taggeditem", "fields": {"tag": 15, "content_type": 9, "object_id": 7}}, 
{"pk": 28, "model": "taggit.taggeditem", "fields": {"tag": 18, "content_type": 9, "object_id": 6}}, 
{"pk": 30, "model": "taggit.taggeditem", "fields": {"tag": 18, "content_type": 9, "object_id": 4}}, 
{"pk": 31, "model": "taggit.taggeditem", "fields": {"tag": 20, "content_type": 9, "object_id": 4}}, 
{"pk": 32, "model": "taggit.taggeditem", "fields": {"tag": 21, "content_type": 9, "object_id": 3}}, 
{"pk": 33, "model": "taggit.taggeditem", "fields": {"tag": 22, "content_type": 9, "object_id": 2}}, 
{"pk": 34, "model": "taggit.taggeditem", "fields": {"tag": 22, "content_type": 9, "object_id": 1}}, 
{"pk": 35, "model": "taggit.taggeditem", "fields": {"tag": 19, "content_type": 9, "object_id": 5}}, 
{"pk": 36, "model": "taggit.taggeditem", "fields": {"tag": 20, "content_type": 9, "object_id": 5}}
]